{
  "hash": "9c1918e5",
  "configHash": "79e38be1",
  "lockfileHash": "639894fa",
  "browserHash": "3fd1ad87",
  "optimized": {
    "@angular/common/http": {
      "src": "../../../../../../node_modules/@angular/common/fesm2022/http.mjs",
      "file": "@angular_common_http.js",
      "fileHash": "29f09eb3",
      "needsInterop": false
    },
    "@angular/core": {
      "src": "../../../../../../node_modules/@angular/core/fesm2022/core.mjs",
      "file": "@angular_core.js",
      "fileHash": "9c1d4f7a",
      "needsInterop": false
    },
    "@angular/forms": {
      "src": "../../../../../../node_modules/@angular/forms/fesm2022/forms.mjs",
      "file": "@angular_forms.js",
      "fileHash": "564471d1",
      "needsInterop": false
    },
    "@angular/platform-browser": {
      "src": "../../../../../../node_modules/@angular/platform-browser/fesm2022/platform-browser.mjs",
      "file": "@angular_platform-browser.js",
      "fileHash": "69e95525",
      "needsInterop": false
    },
    "@angular/router": {
      "src": "../../../../../../node_modules/@angular/router/fesm2022/router.mjs",
      "file": "@angular_router.js",
      "fileHash": "b9c57ca2",
      "needsInterop": false
    },
    "@angular/common": {
      "src": "../../../../../../node_modules/@angular/common/fesm2022/common.mjs",
      "file": "@angular_common.js",
      "fileHash": "d0f716aa",
      "needsInterop": false
    }
  },
  "chunks": {
    "chunk-Z6KUBTUB": {
      "file": "chunk-Z6KUBTUB.js"
    },
    "chunk-FRYEJROD": {
      "file": "chunk-FRYEJROD.js"
    },
    "chunk-UK3YOU5T": {
      "file": "chunk-UK3YOU5T.js"
    },
    "chunk-EUJZ5FGS": {
      "file": "chunk-EUJZ5FGS.js"
    }
  }
}